index,Name,Release date,Price,Average playtime forever,Developers,Publishers,Genres,About the game,Estimate users,Estimated gross profit,Review score,Total days,Extras trophy,Operating System,year
40326,Aura: Fate of the Ages,2010-10-04,4.99,31,Streko Graphics,THQ Nordic,Adventure,"'In the hallways of the ancients, the Keepers have existed forever.' The legend also claims that whoever unites these rings with the artifacts of the parallel worlds will achieve great power and immortality. In unique worlds of dreams and reality, magical, mechanical and ethereal lands, take on the quest to find the artifacts cleverly concealed throughout the lands. Four parallel worlds await you on your journey: The Ademika Valley, The Mechanical World, The Isoteric World, and lastly, the Island of Unity, each with different environments to explore, challenges to encounter and a variety of indigenous puzzles to solve. Lose yourself in this fantastic and rich adventure, uncover the smallest details, collect information, solve the enigmas and unravel the saga of intrigue, exploration and treachery that is AURA: Fate of the Ages. Key features: First-person puzzle exploration game An original fantasy-based mass appeal, unique and original storyline. Mouse driven, with an intuitive point-and-click interface Unbelievably realistic and beautiful pre-rendered graphics and environments Original orchestral musical score and immersive ambient soundtrack Inventive and original puzzles",185,923.15,24,4836,0,True,2010
44437,Biozone,2010-05-07,9.99,0,G5 Entertainment,"Konami Digital Entertainment, Inc.,Konami Digital Entertainment GmbH","Action,Adventure,Casual","Play as Major Strike in this side scrolling, action-packed do or die operation to save your fellow soldiers against an uncontrollable bio-terrorist, Dr. Membranus! Investigate the strange activities of a massive infection that has transformed your comrades into evil mutations. Take on limitless enemies in this classic arcade-style game based deep within the jungles of Latin America. It is your mission to use your cutting edge weaponry to take down Dr. Membranus, find the cure, and take down the hordes of bio mutants in an effort to save the world! Key Features: Battle in Non-stop Action – Play through 15 different missions as you take on relentless enemies Choose from a Variety of Weapons – Select your weapon of choice, collect upgrades, grenades, and power-ups in every level Face off with Enemy Bio-mutants – Kill evil mutations including former soldiers with tentacle arms and bird-like legs, acid-spitting orangutans and monstrous insect-like birds Make Your Way Through Enemy Camps – Shoot your way through each level or blow up enemies to pieces with your grenades",24,239.76,-16,4986,0,True,2010
1747,Kane & Lynch 2: Dog Days,2010-08-17,9.99,193,IO Interactive,Square Enix,Action,"Play as two of gaming's most disturbing and realistic criminals; Lynch – a self medicated psychopath - and Kane - a disillusioned and desperate ex-mercenary, in a gritty and brutal crime shooter from IO Interactive. Kane and Lynch face the consequences of their actions when a simple job gone wrong finds them on a desperate and frantic struggle to escape. Experience their fight to survive through the back streets and rooftops of Shanghai’s gritty underworld. They can trust no one, not even each other as the cracks begin to appear in Lynch’s sanity and Kane’s stability. Non-stop action in Single Player, online Co-op and Multiplayer. New and unique Fragile Alliance multiplayer game modes provide an experience to suit all criminal minds. Raw, Real &amp; Uncut - Kane &amp; Lynch 2: Dog Days introduces a unique, unseen visual style to video games. Taking visual references from documentary filmmaking and the user-generated era, Kane &amp; Lynch 2 delivers a sense of intense realism never before experienced. Play as Lynch - Play as Lynch and follow his story. He is living a comfortable life in Shanghai, he’s making money and is about to make a fat deal where the pay is beyond his wildest dreams and nothing is going to get in his way. Down Not Dead - Adding further intensity to the brutal gameplay, players will have a second chance at taking out their enemies; Choose between continuing the gunfight from the ground or try to escape by crawling towards cover. Online Co-op - Play as Kane and Lynch Fragile Alliance - The highly celebrated multiplayer experience returns with a collection of new and improved modes. From the Creators of the Critically Acclaimed Hitman Series - The studio behind the best-selling Hitman titles and 2007’s Kane &amp; Lynch: Dead Men.",7623,76153.77,1885,4884,61,True,2010
11380,Sid Meier's Civilization® V,2010-09-21,29.99,7009,"Firaxis Games,Aspyr (Mac),Aspyr (Linux)","2K,Aspyr (Mac),Aspyr (Linux)",Strategy,"The Flagship Turn-Based Strategy Game Returns Become Ruler of the World by establishing and leading a civilization from the dawn of man into the space age: Wage war, conduct diplomacy, discover new technologies, go head-to-head with some of history’s greatest leaders and build the most powerful empire the world has ever known. INVITING PRESENTATION: Jump right in and play at your own pace with an intuitive interface that eases new players into the game. Veterans will appreciate the depth, detail and control that are highlights of the series. BELIEVABLE WORLD: Ultra realistic graphics showcase lush landscapes for you to explore, battle over and claim as your own. COMMUNITY &amp; MULTIPLAYER: Compete with players all over the world or locally in LAN matches, mod* the game in unprecedented ways, and install mods directly from an in-game community hub without ever leaving the game. WIDE SYSTEM COMPATIBILITY: Civilization V operates on many different systems, from high end desktops to many laptops. ALL NEW FEATURES: A new hex-based gameplay grid opens up exciting new combat and build strategies. City States become a new resource in your diplomatic battleground. An improved diplomacy system allows you to negotiate with fully interactive leaders. *Modding SDK available as a free download. Note: The Mac and Linux + SteamOS versions of Sid Meier's Civilization V are available in English, French, Italian, German and Spanish only.",207517,6223434.83,171522,4849,301,True,2010
646,The Kings' Crusade,2010-10-08,9.99,38,NeoCoreGames,Paradox Interactive,Strategy,"The crowned heads of Europe launch a new military campaign to re-conquer the Holy Land. The time has come for you to assemble your armies and take back the land as Richard the Lionheart. Or assume the role of the great Saladin and defend your people against the oncoming invasion. Lionheart: King’s Crusade gives you the chance to make the dreams of the past a reality. The King’s Crusade is a real-time strategy game that places you in the era of the Third Crusade, spanning the years 1189-1192. Control and upgrade the leaders and their armies, lead your men into fierce battles, complete the objectives of the campaign by guiding various historical factions through political events, collect relics, and unlock new content on your crusade. Key features: Play through two single-player campaigns – Crusader and Saracen Oversee hundreds of soldiers in real-time epic battles Command your forces, conquer territory, and expand your realm on a fully 3D map Strategically manage your army between missions Rewrite the past with famous historical characters serving as the main heroes",146,1458.54,-32,4832,3,True,2010
58797,Atlantis Sky Patrol,2010-04-21,9.99,0,Big Fish Games,Big Fish Games,"Casual,Indie","This frenetic marble-popping adventure puts you in charge of how fast each level will end. Knock out doomsday devices on each of the 100 levels in the game by matching marble colors in sets of three. To finish off the device and move on to the next round, simply destroy the cleverly-placed static orbs that continually allow additional chains to fill the track. Easy to learn, but difficult to master, this puzzler is nearly impossible to put down! More than 100 challenging levels. Earn coins for unique upgrades. Features 2-player option. Fun mini-game between levels. Stunning art deco visuals.",14,139.86,10,5002,0,True,2010
27942,TriJinx: A Kristine Kross Mystery™,2010-05-06,6.99,0,PlayFirst,PlayFirst,Casual,"Welcome to the world of TriJinx – an action-puzzle with a tumbling twist! It’s Egypt in 1935 and you are trapped in the tomb of TriClops! Can you outrun this triangle trap? Match triangles and clear colors as you help Kristine Kross on her quest to find her missing father and escape. TriJinx combines classic gameplay mechanics with an elegant and dynamic rotating game board, evoking the hypnotic charm of Tetris or Collapse but adding action, speed and dynamic beauty. Enter this rotational riddle and you will find yourself immersed in an intriguing story as well! TriJinx appeals to coffee breakers and competitive players alike. Even puzzle purists will get wrapped up in this game’s electrifying story twists. This innovative action puzzle includes: Adventure Mode with 68 levels of can’t-stop gameplay An intriguing story featuring professional voice actors and full color illustrations Three additional unique modes of play including fast-action Arcade, and two strategic Puzzle modes Spectacular animated world! Rich audio soundtrack, with cinematic score, special effects and sounds So, join Kristine Kross! In this race against time, you must pass through a series of 68 locked gates before the curse turns everyone in your team to stone! Navigate a labyrinth of brain-bending puzzles as you help Kristine return the ancient artifact to the center of the tomb, rescue her dad and unearth the secret of the TriJinx. Blaze your way through ten exciting chambers as you unlock the ancient gates and unravel the mystery of the Triclops! Mystical triangles are filling the chamber – click on three or more to make them disappear! Rotate the gameboard to create groups you can clear away. Earn scarabs and use them strategically to clear all triangles of a single color from the chamber. Create bombs from 4 smaller triangles of the same color and explode the stone blocks! Use multi-colored triangles as wild cards with any color. Use chameleons that constantly change colors to complete powerful color combinations!",7,48.93,3,4987,0,True,2010
58449,Numen: Contest of Heroes,2010-06-03,7.99,6,"CINEMAX, s.r.o.","CINEMAX, s.r.o.",RPG,"Nine deities. Nine heroes. And only one champion. Mythical Greece. The land of gods, poets, heroes, but also of terrible monsters and creatures. Numen is a fully three-dimensional action RPG set in mythical Greece. The player controls one of nine heroes, who in the name of the gods they follow compete in a grand test of their capabilities. Heroes who undertake a pilgrimage over the highest mountains, through valleys and deep forests, underground vaults and the scorched sand of deserts. Numen however is no mere hack-and-slash game. It offers the player the possibility of tactical decision making, searching for enemies’ weak spots, selection of adequate weapons. It rewards those who are able to adapt to the changing situation on the battlefield. In this the player is helped by the unique powers and abilities invested in him or her by the god he or she follows, provided that the god is happy with him or her. The Olympian gods, after all, are renowned for their wanton and unpredictable nature… Action RPG with strong and intriguing storyline and surprising plot turns. Detailed 3D design with state-of-the-art visual effects. The game world based on the Greek mythology comprises of tens of locations situated on 12 islands with both exteriors and underground labyrinths. Many extensive main story and side quests. Select your hero‘s gender, his or her specialization out of three possibilities and one of nine deities for him or her to worship. Plenty of unique weapons, armors and items, more than 80 spells and abilities. Arena duels, training combats and tournaments.",176,1406.24,-8,4959,0,True,2010
25806,Battlefield: Bad Company™ 2,2010-03-02,4.99,2223,DICE,Electronic Arts,Action,"Battlefield: Bad Company 2™ brings the award-winning Battlefield gameplay to the forefront of PC gaming with best-in-class vehicular combat and unexpected 'Battlefield moments.' New vehicles like the ATV and a transport helicopter allow for all-new multiplayer tactics on the Battlefield. With the Frostbite-enabled Destruction 2.0 system, you can take down entire buildings and create your own fire points by blasting holes through cover. You can also compete in four-player teams in two squad-only game modes, fighting together to unlock exclusive awards and achievements. Battles are set across expansive maps, each with a different tactical focus. The game also sees the return of the B Company squad in a more mature single-player campaign. Features Squad Up: Compete as the lone wolf or together in 4-man squads with up to 32 players and multiple game modes including the all new Squad Rush! Defining Online Warfare: Become the master of land, sea and air on vast battlefields designed for wide open warfare on Ranked Servers. Intense Solo Campaign: Join Bad Company in a fight through deadly jungles, desert cities and vast arctic terrain on a mission to defuse WWIII. Tactical Destruction: Create new firing points, chip away enemy cover, and bring down entire buildings full of enemy combatants Online Disclaimer INTERNET CONNECTION, ONLINE AUTHENTICATION AND ACCEPTANCE OF END USER LICENSE AGREEMENT REQUIRED TO PLAY. ACCESS TO ONLINE FEATURES AND/OR SERVICES REQUIRES AN EA ONLINE ACCOUNT AND REGISTRATION WITH THE ENCLOSED SINGLE-USE SERIAL CODE. REGISTRATION FOR ONLINE FEATURES IS LIMITED TO ONE EA ACCOUNT PER SERIAL CODE AND IS NON-TRANSFERABLE ONCE USED. EA ONLINE TERMS &amp; CONDITIONS AND FEATURE UPDATES CAN BE FOUND AT www.ea.com . YOU MUST BE 13+ TO REGISTER FOR AN EA ACCOUNT. EA MAY PROVIDE CERTAIN INCREMENTAL CONTENT AND/OR UPDATES FOR NO ADDITIONALCHARGE, IF AND WHEN AVAILABLE. EA MAY RETIRE ONLINE FEATURES AFTER 30 DAYS NOTICE POSTED ON www.ea.com .",35794,178612.06,24974,5052,1,True,2010
50691,URU: Complete Chronicles,2010-08-03,9.99,0,Cyan Worlds Inc,Cyan Worlds Inc,"Adventure,Casual","The critically acclaimed adventure of Uru: Ages Beyond Myst returns with this special collection that contains more Uru than ever before. Already the deepest Myst adventure to date, Uru is significantly expanded with the addition of To D'ni™ and The Path of the Shell, expansion packs that will take Uru beyond your imagination. Uru: Immerse yourself in a story that features the discovery of the lost D'ni civilization. Follow Yeesha, eccentric daughter of Atrus, to discover Lining Books, encounter descendants, and solve puzzles as you adventure through surreal 3D worlds beyond your imagination. To D'ni: The first Uru expansion pack lets the player visit various parts of the D'ni cavern. Myst fans will be astounded by the amount of historical and cultural information included in this expansion, and those new to the greatest adventure game of all time will be driven by the expansion story's major dramatic question: 'What happened to the DRC and its Restoration?' Through a series of challenges that send the player searching the island of Ae'gura and two D'ni neighborhoods, the player accesses three sections of the D'ni Great Zero. The Path of the Shell: The second Uru expansion pack. The second expansion pack for Uru takes the player on a journey to uncover Yeesha's destiny. In Uru, the player learns about D'ni's past. In Uru: To D'ni, the player learns about D'ni's present - the failed Restoration by the DRC. In Uru: The Path of the Shell, the player learns about D'ni's future.",143,1428.57,83,4898,0,True,2010
9195,Hotel Giant 2,2010-01-27,2.39,9,"Enlight Software Limited, PerspectX",Toplitz Productions,"Casual,Simulation,Strategy","Following its international success, Hotel Giant is back and bigger than ever. In Hotel Giant 2 you will create the hotel of your dreams and manage prestigious locations around the world. Your goal is to attract as many guests as possible and make sure they are satisfied throughout their stay. In order to meet your objective, you must develop a high standard of service, hire an excellent staff, decorate every room to your liking and never forget that the customer is always right. Exceed your guests’ expectations by improving their stay, earning more money and becoming the most successful hotel chain in the world! Impressive realism: observe and influence the lives of your guests, meet their needs, face their wrath… Great scope: 26 unique hotels in various locations such as Paris, Rome, Los Angeles, and Munich… and more than 1,400 objects and furniture items to decorate and adorn your hotels Full customization: create multiple services (bars, specialty shops, conference rooms…) and amenities such as pool halls, arcades, executive lounges… configure their layout, choose the contents of the menu for your restaurant and even employ live performers to entertain your guest Hundreds of customers to observe, analyze and understand, each client is different… ascertain their personalities, earn their satisfaction and win their tourist dollars Intuitive interface, high performance 3D graphic engine which provides day and night features, self illuminating objects and more realistic animations than ever before for the ultimate life simulation gaming experience",248,592.72,-26,5086,12,True,2010
5031,Eternal Champions™,2010-09-13,0.99,0,SEGA,SEGA,Action,"Unjust deaths were dealt upon nine of history’s greatest and most influential warriors, and the future now stands at the brink of chaos. The Eternal Champion has summoned the souls of the nine and placed them in competition. The winner will be rewarded a second chance to prevent their own death, and in doing so restore balance to a desperate world.",6,5.94,4,4857,0,True,2010
36272,Mishap: An Accidental Haunting,2010-02-11,0.0,0,Virtual Prophecy Entertainment,"Namco Networks America, Inc.",Casual,"The Burtons have just moved into their beautiful new dream home, which unfortunately for them, happens to be haunted. As they prepare to pack up and leave, they are suddenly greeted by the peculiar Milton Hobblepop, self described paranormal investigator. Now the Burtons need your help to clear their house of a group of particularly unfortunate ghosts. Enter the domains of these eccentric specters and search for objects hidden throughout over 30 beautifully illustrated rooms. Discover details of the departed houseguests by solving enigmatic riddles left behind for the living. Assemble custom ghostcatchers for each pesky poltergeist and challenge them in unique minigames where you must play by their rules! Unravel the mysteries of the ghosts' unfortunate fates and their connection to the mysterious Hobblepop through in-game comics! Help the Burtons survive the paranormal and take back their home in Mishap: An Accidental Haunting. Find hidden objects in a haunted mansion with over 30 rooms! Face each of the eccentric specters in a unique minigame show-down! Search for clues and assemble them to deduce hidden messages. Discover the ghosts’ tragic tales through in-game comics! Stunning and detailed environments bring the locations to life.",15,0.0,9,5071,0,True,2010
752,Tidalis,2010-07-16,4.99,163,"Arcen Games, LLC","Arcen Games, LLC","Casual,Indie","Tidalis is a block-based puzzle game with casual appeal, hardcore depth, and an addictive new 'streams' mechanic. The game is brimming over with riffs and variants on that core mechanic with 20 game modes, dozens of special blocks and items, and 115 levels in the adventure mode alone. The basic rules of the game are this: blocks fall down into the board and have a color and an arrow direction. If a stack of blocks exceeds the height of the board, you lose. In order to clear blocks, you must right-click and drag paths through the arrows to set up chain reactions of like-colored blocks. If this sounds simple, that's because it is -- you'll be lining up lengthy chains within minutes. But you'll be surprised how much brainpower it takes to set up combos of multiple chains, and the many brainteaser-style puzzles include some real stumpers. Tidalis has co-op and competitive multiplayer modes (both online and offline); action-oriented modes and timer-less brainteasers; a lengthy, casual-friendly adventure mode; twenty unique game modes providing innumerable twists to the basic gameplay; dozens of special blocks and items; and over fifty minutes of beautiful music to go with the painterly art. In short, several games' worth of content are built on top of this core mechanic, which you'll quickly find to be as iconic as it is novel. Key Features: Puzzle game with casual appeal, hardcore depth, and an addictive new mechanic. Two-player co-op and competitive play (both local and networked). A wide selection of both action-oriented or brainteaser-like levels. Casual-friendly adventure mode, hardcore-focused custom games and vs modes. 20+ game styles, and dozens of items and special blocks. Rich, painterly art style and beautiful music. Players can create and share whole new themes, levels, and adventures. Options for colorblind players, players averse to lots of light and motion, and older computers.",223,1112.77,69,4916,64,True,2010
13420,Altered Beast™,2010-06-01,0.99,0,SEGA,SEGA,Action,"Athena, the daughter of Zeus, has been captured by the wicked Neff, God of the Underworld, and is being held captive. Summoned from the dead by Zeus himself, it is up to you now to clear five rounds of underlings before taking on Neff, in what promises to be the most gruelling of challenges.",13,12.87,11,4961,0,True,2010
19421,Medal of Honor™,2010-10-12,19.99,77,Electronic Arts,Electronic Arts,Action,"Operating directly under the National Command Authority, a relatively unknown entity of handpicked warriors are selected when it is crucial that a mission must not fail. They are the Tier 1 Operators. There are over 2 million active soldiers. Of those, approximately 50 thousand fall under the direct control of the Special Operations Command. The Tier 1 Operator functions on a level above and beyond even the most highly trained Special Operations Forces. Their exact numbers, while classified, hover in the low hundreds. They are living, breathing, precision instruments of war. They are experts in the application of violence. The new Medal of Honor™ is inspired by and developed with actual Tier 1 Operators from this elite community. Players step into the boots of these warriors and apply their unique skill sets to fight a new enemy in the most unforgiving and hostile conditions of present day Afghanistan. This is a new war. There is a new warrior. He is Tier 1. Fight Today's War: Elite Special Forces in a gritty combat campaign using the surgical tactics of Tier 1 Operators combined with the sledgehammer force of Army Rangers. Unparalleled Authenticity: Intense story with incredible pacing and variety set in the rugged Afghanistan landscape, creating a shooter experience only available from the storied Medal of Honor franchise. Online Multiplayer Redefined: Developed by the world-class team at DICE (makers of Battlefield Bad Company 2) this fast paced combat delivers the perfect mix of tactical warfare and all-out action. Online Disclaimer ACCEPTANCE OF EA END USER LICENSE AGREEMENT AND PUNKBUSTER END USER LICENSE AGREEMENT REQUIRED TO PLAY. ACCESS TO ONLINE FEATURES AND/OR SERVICES REQUIRES AN EA ACCOUNT AND REGISTRATION WITH SINGLE-USE SERIAL CODE ENCLOSED WITH NEW, FULL RETAIL PURCHASE. REGISTRATION FOR ONLINE FEATURES IS LIMITED TO ONE EA ACCOUNT PER SERIAL CODE, WHICH IS NON-TRANSFERABLE ONCE USED. EA’S ONLINE PRIVACY POLICY AND TERMS OF SERVICE ARE AT / . YOU MUST BE 13+ TO REGISTER FOR AN EA ACCOUNT. SOFTWARE INCORPORATES PUNKBUSTER ANTI-CHEAT TECHNOLOGY. FOR MORE INFORMATION ON PUNKBUSTER, VISIT EVENBALANCE.COM . EA MAY RETIRE ONLINE FEATURES AFTER 30 DAYS NOTICE POSTED ON -updates .",4791,95772.09,1979,4828,0,True,2010
33267,Bio-Hazard Battle™,2010-10-26,0.99,0,SEGA,SEGA,Action,"During the first global biowar, a powerful retrovirus filled the planet Avaron with new and deadly forms of life. Only a few survivors remain in O.P. Odysseus, an orbiting platform circling Avaron. Hundreds of years after the biowar, conditions on Avaron are still hostile but livable. Your mission is to pilot a Bioship to Avaron, fly over the areas that the probes have labeled least hostile, and check out the conditions there.",9,8.91,7,4814,0,True,2010
5134,Hidden Expedition: Titanic,2010-04-21,9.99,0,Big Fish Games,Big Fish Games,Casual,"On April 14, 1912, the great steamship RMS Titanic struck an iceberg and within hours it sank to the bottom of the Atlantic Ocean. As part of the Hidden Expedition Adventure League, it`s your job to explore the wreckage of this once-majestic ship and collect antique artifacts for the Titanic Museum. Through 14 diving missions you will scour 17 locations on the ship for cleverly-hidden clues that will lead you to the ultimate artifact: The Crown Jewels. Get ready to lose yourself in a historic adventure of epic proportions! An underwater scavenger hunt aboard the Titanic Hundreds of items to find 14 mini-games",13,129.87,9,5002,0,True,2010
55262,Star Ruler,2010-09-20,7.99,37,Blind Mind Studios,Blind Mind Studios,"Indie,Strategy","Take command of a vast interstellar empire and safeguard your species from total extinction in a procedurally generated 3D galaxy (with the option to flatten it) from 1 System to 10,000+! Prove your species' ingenuity through a deep and intricate combat system where anything (from individual components on ships to the stars themselves) is a target of opportunity. Twist other Empires into submitting to your galaxy-class wit with diplomacy and wheel-and-deal your way to supremacy. Research new kinds of weapons, engines, shields, and more, all of which retain their unique benefits as the game progresses, with a research web whose contents are shuffled every game at your option. Exploit interstellar phenomena such as asteroid belts and stars and exploit them for yourself or destroy them to deny your foes. Create and destroy new worlds through advanced technological research. Match your strategy against up to 10 other opponents (online or LAN-linked). Save the game when dawn breaks and boot it back up at dusk. It isn't over until you say it is! Drop in and drop out at any point; disconnecting players will not disrupt the game! Your weapons, your ships, your rules: Almost the entire game can be modified through Notepad! Easily add new models and particle effects to the game with “out-of-the-box” developer tools. Create new weapons in seconds; create new AIs through scripts! The Galaxy is yours! Key features: Vast, Procedurally Generated Galaxies Intricate Ship Design and Exciting Combat Unique Research System Race Creation Easy to use interface, complex gameplay Engaging AI opponents Extensive modding support Multiplayer Original Soundtrack Much more to come!",305,2436.9500000000003,199,4850,0,True,2010
19313,Escape From Paradise,2010-07-08,9.99,0,Gogii,iWin,Action,"A luxury cruise ship crashes on an uncharted island in the Pacific Ocean. The survivors of the shipwreck are very different from one another and decide to set up their own camps all over the island. Your goal is to find the pieces to a lost radio, and hoist it on the top of the volcano located in the center of the main island. While exploring the main island, find items and hidden treasures, and try your hand at fishing and gathering wood. Build alliances with other castaways to help you in your quest! Key features: 5 games wrapped into 1 great adventure 12 additional mini-games Over 25 challenges Build your own custom characters",11,109.89,5,4924,0,True,2010
58310,Moonbase Alpha,2010-07-06,0.0,113,"Virtual Heroes,Army Game Studio",NASA,"Adventure,Simulation,Strategy","NASA has once again landed on the lunar surface with the goal of colonization, research, and further exploration. Shortly after the return to the Moon, NASA has established a small outpost on the south pole of the moon called Moonbase Alpha. Utilizing solar energy and regolith processing, the moonbase has become self-sufficient and plans for further expansion are underway. In Moonbase Alpha, you assume the exciting role of an astronaut working to further human expansion and research. Returning from a research expedition, you witness a meteorite impact that cripples the life support capability of the settlement. With precious minutes ticking away, you and your team must repair and replace equipment in order to restore the oxygen production to the settlement. Team coordination along with the proper use and allocation of your available resources (player controlled robots, rovers, repair tools, etc.) are key to your overall success. There are several ways in which you can successfully restore the life support system of the lunar base, but since you are scored on the time spent to complete the task, you have to work effectively as a team, learn from decisions made in previous gaming sessions, and make intelligence decisions in order to top the leaderboards. Key features: Team up with your friends... The fate of a lunar colony rests on the shoulders of you and your team. Communicate and coordinate efforts with up to six players (LAN and internet) by using voice over communication. Utilize the latest in NASA technology... A fully functional rover that utilizes lunar physics is available to transport both players and supplies to all reaches of the lunar colony. You can build and pilot your own repair robot in order to fix crucial systems before time runs out. Immerse yourself in an awe-inspiring lunar environment... Take your first steps on the moon's surface in a truly accurate lunar moonscape that is unmatched in any other application. Compete with your friends to reach the top of the leaderboards... Do you have what takes it to be number one? When you win, your score will automatically be posted to the leaderboards for everyone to see. A unique experience each time.. With multiple paths for game success, you'll need to learn to work effectively as a team, learn from decisions made in previous gaming sessions, and make intelligent decisions in order to top the leaderboards. Tailor your game to fit your gameplay style... Do you want to play with two players or six? With multiple game maps you can select the game environment that best suits your team's needs.",12455,0.0,10003,4926,0,True,2010
39518,VVVVVV,2010-09-07,4.99,169,Terry Cavanagh,Terry Cavanagh,"Action,Indie","Help! Everyone has been teleported away randomly! As the heroic Captain Viridian, it's up to you to find your friends, bring them back to safety, and save the universe! VVVVVV is a platform game all about exploring one simple mechanical idea - what if you reversed gravity instead of jumping? The game is designed not to artificially gate your progress. In VVVVVV there are no locks, no power-ups, no switches, nothing to stop you progressing except the challenges themselves. Key features: Elegant, minimalistic level design. Challenging, fast and fun gameplay. Frequent checkpoints mean you never have to replay challenges you've already beaten. Over half an hour of chiptune music by composer Magnus Pålsson. Special game modes, including time trials and a no death mode.",8858,44201.42,8180,4863,19,True,2010
15725,Grotesque Tactics: Evil Heroes,2010-10-15,0.99,73,Silent Dreams,Headup,"Indie,RPG,Strategy","Grotesque Tactics is a story driven, satirical RPG with a strategic combat system. A party of 10 anti-heroes are fighting in a grotesque world that combines the features and clichés of Western and Asian Strategy RPGs like Final Fantasy Tactics, Heroes of Might &amp; Magic and Fire Emblem. Grotesque Tactics weaves a humorous storyline and plenty of amusing dialogue, poking fun at some of the most successful RPGs, such as Oblivion, Gothic and Lord of the Rings. To protect the kingdom from the merciless cult 'The Dark Church' which has murdered all of the kingdom’s heroes and knights, you will have to hire dubious soldiers and rescue jealous maidens who will follow you into combat as your groupies. Features Turn based tactical battles with humorous animations not seen in any RPG Distinctive party members such as the arrogant Holy Avatar, the blood thirsty Vampire Solitaire, the sweet but hot-tempered Angel Angelina and many more Gorgeous village landscapes and dark, sinister dungeons Scantily dressed maidens to be freed from the grasp of merciless monsters Enormous, highly detailed and very angry end bosses Classical RPG elements: quests, treasures, trade, leveling up and out¬fitting a party of unique heroes Enjoyable multiple choice dialogues and conversation puzzles in the style of classic adventure games, such as Monkey Island or Maniac Mansion *In chess, a Grotesque is a problem or endgame study which features a particularly unlikely initial position, especially one in which White fights with a very small force against a much larger black army. Grotesques are generally intended to be humorous.",412,407.88,95,4825,10,True,2010
20602,Ziro,2010-05-28,4.99,0,Kokakiki,Kalypso Media Digital,"Casual,Indie","Once upon a time The Earth was green and beautiful. It was entrusted to humans to use it wisely together with all living things. Over time humans developed advanced technology using up the Earth’s natural resources. Humans lost their connection with the Earth. Caring only for their selfish interests, they didn’t notice the injuries that they had inflicted upon the Earth. Climate change became the Earth’s scream for help. But nobody heard. Nobody until the cries become so strong that they woke up Ziro , the youngest member of the ancient order of Snowmen Earth guardians. Ziro will take you on a journey of puzzle solving. You will be able to learn how you can reconnect and help Mother Earth. Ziro is innovative puzzle game offering incredible game-play in various levels of difficulty. You can relax and enjoy, or try to solve a serious puzzle that will prove to be a true challenge even for the experienced puzzle solver. So, Warm Up The Brain and Cool Down The Earth! Key features: Puzzle game featuring over 300 mind-cracking levels that will take player all around world in noble quest of fighting global warming Full 3D graphics powered by Ultra Engine technology that provides stunning graphics and visual effects rarely seen in casual games A wide variety of puzzle elements that will heat up even the most prepared brains Relax tension of problem solving and boost up your mood with 40 minutes of funky music 3 different game modes: Quest, Skill and Practice – a challenge for everyone’s taste 36 Steam Achievements Each level Leaderboard, including total Leaderboards for each game mode Enjoy the trip around the world through beautiful environments that are unique and characteristic for each part of the globe Learn the most important facts about global warming through fun and excitement",32,159.68,10,4965,36,True,2010
24341,Just Cause 2,2010-03-23,14.99,610,Avalanche Studios,Square Enix,"Action,Adventure","/ Dive into an adrenaline-fuelled free-roaming adventure. As agent Rico Rodriguez, your orders are to find and kill your friend and mentor who has disappeared on the island paradise of Panau. There, you must cause maximum chaos by land, sea and air to shift the balance of power. With the unique grapple and parachute combo, BASE jump, hijack and create your own high-speed stunts. With 400 square miles of rugged terrain and hundreds of weapons and vehicles, Just Cause 2 defies gravity and belief. UNIQUE VERTICAL GAMEPLAY - Take to the air like no other game. Experience total aerial freedom with the unique parachute and dual grapple UNBELIEVABLE ADRENALINE-FUELLED STUNTS - Free fall, base jump, vehicle surf, para sail, skydive, grapple, slingshot, leap between vehicles, hang from helicopters, scale buildings. The impossible is within your grasp. UPGRADED DUAL GRAPPLE - Your best tool is now a weapon. Fire two shots with the grapple hook and attach unwilling enemies to high-speed vehicles, hang them upside down from buildings, tether objects in mid air. The possibilities are as vast as your imagination. DISCOVER THE SECRETS OF PANAU - Explore the island paradise; from sprawling cities, secluded beaches and towering mountain peaks – more than 400 square miles of your own personal playground. EXPERIENCE TRUE FREEDOM - Hundreds of objectives can be completed in any way or order that you choose. When it’s time for a break from Agency business, kick back and enjoy all the attractions that Panau has to offer. MASSIVE SELECTION OF VEHICLES - Catch air on a high-speed dirt bike, race across the sea in a power boat, or fire a spread of rockets from an attack chopper – more than 100 land, sea and air vehicles are yours for the taking.",48522,727344.78,39497,5031,58,True,2010
48705,Star Wolves 2,2010-03-02,3.99,0,X-Bow Software,Fulqrum Publishing,"RPG,Strategy","Six years have passed after the events of 2226 A.D. The balance in the galaxy has been restored as transgalactic corporations have been deported to the outskirts of the galaxy and deprived of their power. The Empire, just as before, continues to fight against the Aliens. As a rule armadas of battleships aren't used in such conflicts. Small maneuverable squadrons that can attack and retreat quickly are better suited for this type of war. This means that the famous Star Wolves team is back in action! Star Wolves is a 3D space RPG with deep strategy and tactical elements. The game thrusts players into a world of freelance space hunters during a time of war for the all-powerful Empire. Human space pirates, rogue AI computers that rebelled against humanity and Aliens roam space in search of easy prey and planets to conquer. Star Wolves 2 is a sequel to the best-selling space strategy with role-playing elements Huge game world with over 50 star systems and complete freedom to move from one to another New ships including the Mothership, improved fighters and ships built using alien technologies Upgrade your ship with a huge range of parts New characters and mercenaries to join your team Non-linear storyline, several ways to finish the game and dynamic missions. It is up to the player to choose where to go and what missions to pick up. Upgrade your ship with a huge range of parts",129,514.71,-21,5052,0,True,2010
27189,Hacker Evolution: Untold,2010-09-14,0.54,228,exosyphen studios,exosyphen studios,"Indie,Simulation","When the number of computers in existence and their processing capacity exceeds that of all mankind, a point of technological singularity is encountered. A massive economic and systematic crisis hits the entire world. Nobody knows the exact cause, and all solutions to fix it, are failing. We are about to lose our position as a dominant specie on the planet, in favor of something we have created... computers. You play the role of Brian Spencer, a young computer programmer working for a company he started with a couple of friends, which has developed the technology from where it all started. When you are being framed for crime, it's up to you to prevent computers from becoming the next dominant specie, and clear your name, using your hacker skills. The concept behind Hacker Evolution: Untold is to create a game that challenges the gamers intelligence, attention and focus, creating a captivating mind game. Solve puzzles, examine code and bits of information, to help you achieve your objectives. Key features: Modding capability to allow the creation of custom levels The included mod editor, allows you to create new game levels easily (PC only) Complex levels and game play to guarantee the best experience Complex command console with over 20 commands and tools",380,205.2,63,4856,2,True,2010
37906,Plain Sight,2010-04-05,4.99,78,Beatnik Games,Beatnik Games,"Action,Indie","Plain Sight is a multiplayer arcade game about suicidal ninja robots. Fly through space, leap over planetoids and destroy opponents with your trusty katana. Killing fellow robots lets you steal their tasty, tasty energy. Packed with spinach-like goodness; energy makes you bigger, stronger, faster and generally more awesome. Being all big and badass is great, but in this game it doesn’t win you the match. It makes you a target. To win, you have to convert your energy into points... How do you do this? Simple. Kill yourself. Press the button and turn your happy little robot into a vicious ball of enemy-absorbing plasma. The more opponents you take out, the better. Upgrade your robot, respawn and get stuck in again... 13 Multiplayer maps Battle up to 20 players 5 self-destructive gameplay modes Deathmatch Ninja! Ninja! Ninja! Robozilla! - mini ninjas unite to bring the gargantuan Robozilla down to size! Lighten Up - Detonate on a target area with as much energy as possible, the best detonation wins the points for that round. Team Deathmatch / Weakest Clink - Play a standard Team Deathmatch or up the stakes by having a communal score bank. Capture the Flag - Well, it looks more like a beacon... but the gameplay is the same. Level the playing field with in-game power-ups Spend your experience points on 30 different robot upgrades Perfect your skills in offline practice mode Ships with dedicated server software",278,1387.22,96,5018,24,True,2010
8480,Tom Clancy's Splinter Cell Conviction™,2010-04-29,19.99,794,Ubisoft Montreal,Ubisoft,Action,"An investigation into his daughter’s death unwittingly leads former agent Sam Fisher to discover he’s been betrayed by his prior agency, the Third Echelon. Now a renegade, Fisher finds himself in a race against time to thwart a deadly terrorist plot that threatens millions. Uniting revolutionary gameplay enhancements with a high-octane, no-holds-barred storyline, Tom Clancy’s Splinter Cell Conviction arms you to the teeth with all the high-tech weaponry and lethal skills of an elite operative and invites you to enter a dangerous world where justice means making your own rules. NEW LEVEL OF ACTION FOR SPLINTER CELL A full arsenal of cutting-edge innovations allows you to outflank foes with the Last Known Position™ system, tag and eliminate enemies using the Mark and Execute™ feature, and much more. BLOCKBUSTER EXPERIENCE A unique storytelling style keeps you on the edge of your seat as you navigate the explosive world of a renegade agent where trust is impossible and justice requires you to go above the law. JAW DROPPING VISUALS A revolutionary new graphic direction delivers an utterly seamless gameplay experience that’ll keep you totally engrossed in the story of Sam Fisher. EXPLOSIVE ONLINE PLAY Brand-new addictive multiplayer modes amp up the dramatic intensity like never before.",3320,66366.79999999999,1443,4994,1,True,2010
42883,Alternativa,2010-11-05,12.99,0,Centauri Production,Bohemia Interactive,Adventure,"Alternativa is a story that will take you to a world much different to what you'd expect in 2045. To a world destroyed by war and revolutions, a world led by an oppressive and cruel dictatorship. Classic point&amp;click adventure game based on the original sci-fi/cyber-punk script which is composed of a number of shorter stories that lead us through the lives of individual characters as well as the fictional world of the future. Murder of one, power of a few, betrayal of all! Key features: Classic point&amp;click adventure game More than 120 backgrounds modeled in detail Play as up to 4 different characters in the story Original sci-fi story in an elaborate world Simple and easy controls using just a mouse Rendered video sequences 2 levels of difficulty Interactive dialogues with choices Original soundtrack",194,2520.06,-8,4804,0,True,2010
27721,Diamond Dan,2010-10-08,0.99,0,Grendel Games,Grendel Games,"Action,Adventure,Casual,Indie","Dragged into Archeology by his uncle, Dan decides to take matters into his own hands. He discovers ancient temples with long lost treasures and menacing traps. Dan follows the clues found in the temples which leads him on a trip across the world, bringing him ever closer to making a sensational discovery. You will help Dan navigate past the traps, collect treasure and reach the bottom of the temples where Dan can find the treasure map that leads him further on his journey. Key features: Addictive casual platform game with a twist! Make your way down the towers of treasure collecting Gems and gold! Avoid the deadly pitfalls and traps in randomly generated levels! Choose Diamond Dan or Diamond Ann and use their unique bonus moves! Travel the world and discover 4 unique themes: Inca/Gothic/Persian and a secret location! Polished gameplay and high production values!",52,51.48,26,4832,65,True,2010
58720,Dimensity,2010-07-21,9.99,0,Dagger Games,Strategy First,RPG,"DIMENSITY is an immersive, intensely paced role-playing / action game in a unique 3D fantasy setting. Adventure through hostile lands and fight numerous enemies in a world torn by war. Be part of plots defending the crown, fighting for the freedom of your people or taking side paths discovering treasures and facing ancient fearsome foes. For thirty years the borderlands of the Firbolgs are torn by war. The Kingdom of Dumnoni is trying to advance deep in the Forbolg’s territory. While their efforts are unsuccessful the Firbolgs themselves cannot drive the human armies back. Finally King Obrynn II decides to personally lead his men into battle. Gathering the best men in the Kingdom of Dumnoni he tries to crush the Firbolgs once and for all. But the tides of fate are not easy to foresee… Key features: Create a leader choosing from four available races (Human, Firbolg, Elemental and Ghost) with two classes each (warrior and mage). Make your hero advance, learning from available skills and magic spells of your choice. Face more than 100 types of creatures and bosses. Explore an immersive and hostile Heroic Fantasy world. Raise structures of war and build an army to accompany you. Play intense solo missions in the Challenges. Prevail in Multiplayer game which supports up to four players. Raise your level through multiple multiplayer sessions having all acquired skills and items.",22,219.78,-10,4911,0,True,2010
42708,The Nightshift Code™,2010-05-06,6.99,0,PlayFirst,PlayFirst,Casual,"The Nightshift Code is a hidden object adventure game that takes players on mysterious and sometimes dangerous journeys from an ancient history museum in Chicago all the way to a secret location in the Greek Isles. You will search for hidden objects and piece together clues to unlock challenging puzzles, ultimately digging for a lost treasure. 6 Chapters with more than 5 levels per chapter 18 beautiful search locations 6 Challenging locked puzzles Special Tools Multiple layered Scavenger Hunts Arcade Mode with hundreds of hidden objects Immersive story unfolds with game play",6,41.94,-2,4987,0,True,2010
52218,Aliens vs. Predator™,2010-02-16,14.99,637,Rebellion,SEGA,Action,"Bringing the legendary war between two of science-fiction's most popular characters to FPS fans, AvP delivers three outstanding single player campaigns and provides untold hours of unique 3-way multiplayer gaming. Experience distinctly new and thrilling first person gameplay as you survive, hunt and prey in the deadly jungles and swamps surrounding the damned colony of Freya's Prospect. As the Marine, you'll experience a claustrophobic and terrifying experience where light is your friend, but there's never enough. However, the United States Marine Corps are humanity's last line of defense, and as such they are armed to the teeth with the very latest in high explosive and automatic weaponry. As the Predator, you will stalk from the shadows and from above, passing athletically through the treetops to ambush your victims. Although equipped with an array of powerful, exotic weapons and tracking equipment, honor ultimately dictates that you must get in close and take your trophies face to face. As the most deadly species in the universe, the Alien offers you the chance to play as the very stuff of nightmares - the monster in the dark swarming forward with countless others, jaws like a steel trap and claws like blades. Play all sides off against each other in a series of unique 3-way online modes and go tooth-to-claw-to-pulse rifle in the reinvention of one of multiplayer gaming's defining moments. AvP uses the Steam Cloud to store game stats and skill information, which is then used for matchmaking purposes.",15972,239420.28,12929,5066,52,True,2010
38538,Fantasy Wars,2010-08-06,4.99,23,Ino-Co,Fulqrum Publishing,Strategy,"Fantasy Wars is a turn-based strategy game set in a fantasy world. Combining both classic strategy gameplay and sophisticated 3D graphics players can experience epic battles like never before. Taking place in a fantasy world of Human kingdoms, Orc clans, Dwarfs' citadels and Elven forests the player is thrust into a world of war and legend. Play the role of an Orc or Goblin boss, a captain of the Human army or lead the elite forces of the Elven army. Participate in castle sieges and village defense, assault and reconnaissance operations and swift raids. To be victorious remember that the amount and experience of troops is not always the key factor, organize cooperation between different types of units and use the landscape to achieve strategic superiority. The game consists of three story-connected campaigns. In each of them players will have to gather an army, upgrade units, find magic artifacts and study magic spells. An epic story has been crafted to draw gamers in. The great Orc chieftain and conqueror Ugraum, incited by the cruel shamans, gathers a huge horde to invade the land of Humans. Only a small, but experienced army of general Pfeil is able to fight against the powerful enemy. However the sides in this confrontation don't know that this is all just a part of evil plot of the dark powers. Key features: Battlefields and surroundings in full 3D Various tactical opportunities Vivid characters which develop during the game More than 70 units and 9 types of armies Advanced army upgrade system Original storyline Multiplayer mode (LAN, Internet, Hotseat)",235,1172.65,161,4895,0,True,2010
